Puntos,Tiempos
0,6.398
3,6.35
0,0.8320000000000007
3,6.01
0,3.0440000000000005
3,5.690000000000001
4,4.557000000000002
2,5.853999999999999
6,6.896000000000001
2,2.8299999999999983
3,4.055
1,2.152000000000001
2,14.973999999999997
0,0.5240000000000009
3,16.203999999999994
2,12.131
0,8.489000000000004
5,15.867000000000004
3,12.247
0,0.5269999999999992
